CAN,A1A
CAN,A1B
CAN,A1C
CAN,A1E
CAN,A1G
CAN,A1H
CAN,A1J
CAN,A1K
CAN,A1L
CAN,A1M
CAN,A1N
CAN,A1S
CAN,A1V
CAN,A1W
CAN,A1X
CAN,A1Y
CAN,A2A
CAN,A2B
CAN,A2H
CAN,A2N
CAN,A2V
CAN,B0J
CAN,B0K
CAN,B0L
CAN,B0M
CAN,B0N
CAN,B0P
CAN,B0R
CAN,B0S
CAN,B0T
CAN,B0V
CAN,B0W
CAN,B1A
CAN,B1B
CAN,B1C
CAN,B1E
CAN,B1G
CAN,B1H
CAN,B1J
CAN,B1K
CAN,B1L
CAN,B1M
CAN,B1N
CAN,B1P
CAN,B1R
CAN,B1S
CAN,B1T
CAN,B1V
CAN,B1W
CAN,B1X
CAN,B1Y
CAN,B2A
CAN,B2G
CAN,B2H
CAN,B2S
CAN,B2T
CAN,B2V
CAN,B2W
CAN,B2X
CAN,B2Y
CAN,B2Z
CAN,B3A
CAN,B3B
CAN,B3E
CAN,B3G
CAN,B3H
CAN,B3J
CAN,B3K
CAN,B3L
CAN,B3M
CAN,B3N
CAN,B3P
CAN,B3R
CAN,B3S
CAN,B3T
CAN,B3V
CAN,B3W
CAN,B3Y
CAN,B3Z
CAN,B4A
CAN,B4B
CAN,B4C
CAN,B4E
CAN,B4G
CAN,B4H
CAN,B4J
CAN,B4N
CAN,B4P
CAN,B4R
CAN,B4V
CAN,B5A
CAN,E1A
CAN,E1B
CAN,E1C
CAN,E1E
CAN,E1G
CAN,E1H
CAN,E1J
CAN,E2A
CAN,E2E
CAN,E2G
CAN,E2H
CAN,E2J
CAN,E2L
CAN,E2M
CAN,E2N
CAN,E2R
CAN,E2S
CAN,E2V
CAN,E3A
CAN,E3B
CAN,E3C
CAN,E3E
CAN,E3L
CAN,E3M
CAN,E3N
CAN,E3P
CAN,E3R
CAN,E3S
CAN,E3T
CAN,E3V
CAN,E3W
CAN,E3Y
CAN,E3Z
CAN,E4A
CAN,E4B
CAN,E4C
CAN,E4E
CAN,E4G
CAN,E4H
CAN,E4J
CAN,E4K
CAN,E4L
CAN,E4M
CAN,E4N
CAN,E4P
CAN,E4R
CAN,E4S
CAN,E4T
CAN,E4V
CAN,E4W
CAN,E4X
CAN,E4Y
CAN,E4Z
CAN,E5A
CAN,E5B
CAN,E5C
CAN,E5E
CAN,E5G
CAN,E5H
CAN,E5J
CAN,E5K
CAN,E5L
CAN,E5M
CAN,E5N
CAN,E5P
CAN,E5R
CAN,E5S
CAN,E5T
CAN,E5V
CAN,E5W
CAN,E5X
CAN,E6A
CAN,E6B
CAN,E6C
CAN,E6E
CAN,E6G
CAN,E6H
CAN,E6J
CAN,E6K
CAN,E7A
CAN,E7B
CAN,E7C
CAN,E7E
CAN,E7G
CAN,E7H
CAN,E7J
CAN,E7K
CAN,E7L
CAN,E7M
CAN,E7N
CAN,E8A
CAN,E8B
CAN,E8C
CAN,E8E
CAN,E8G
CAN,E8H
CAN,E8J
CAN,E8K
CAN,E8L
CAN,E8M
CAN,E8N
CAN,E8P
CAN,E8R
CAN,E8S
CAN,E8T
CAN,E9A
CAN,E9B
CAN,E9C
CAN,E9E
CAN,E9G
CAN,E9H
CAN,G0A
CAN,G0B
CAN,G0C
CAN,G0E
CAN,G0G
CAN,G0H
CAN,G0J
CAN,G0K
CAN,G0L
CAN,G0M
CAN,G0N
CAN,G0P
CAN,G0R
CAN,G0S
CAN,G0T
CAN,G0V
CAN,G0W
CAN,G0X
CAN,G0Y
CAN,G1A
CAN,G1B
CAN,G1C
CAN,G1E
CAN,G1G
CAN,G1H
CAN,G1J
CAN,G1K
CAN,G1L
CAN,G1M
CAN,G1N
CAN,G1P
CAN,G1R
CAN,G1S
CAN,G1T
CAN,G1V
CAN,G1W
CAN,G1X
CAN,G1Y
CAN,G2A
CAN,G2B
CAN,G2C
CAN,G2E
CAN,G2G
CAN,G2H
CAN,G2J
CAN,G2K
CAN,G2L
CAN,G2M
CAN,G2N
CAN,G3A
CAN,G3B
CAN,G3C
CAN,G3E
CAN,G3G
CAN,G3H
CAN,G3J
CAN,G3K
CAN,G3L
CAN,G3M
CAN,G3N
CAN,G3Z
CAN,G4A
CAN,G4R
CAN,G4S
CAN,G4T
CAN,G4V
CAN,G4W
CAN,G4X
CAN,G4Z
CAN,G5A
CAN,G5B
CAN,G5C
CAN,G5H
CAN,G5J
CAN,G5L
CAN,G5M
CAN,G5N
CAN,G5R
CAN,G5T
CAN,G5V
CAN,G5W
CAN,G5X
CAN,G5Y
CAN,G5Z
CAN,G6A
CAN,G6B
CAN,G6C
CAN,G6E
CAN,G6G
CAN,G6H
CAN,G6J
CAN,G6K
CAN,G6L
CAN,G6P
CAN,G6R
CAN,G6S
CAN,G6T
CAN,G6V
CAN,G6W
CAN,G6X
CAN,G6Y
CAN,G6Z
CAN,G7A
CAN,G7B
CAN,G7G
CAN,G7H
CAN,G7J
CAN,G7K
CAN,G7N
CAN,G7P
CAN,G7S
CAN,G7T
CAN,G7X
CAN,G7Y
CAN,G7Z
CAN,G8A
CAN,G8B
CAN,G8C
CAN,G8E
CAN,G8G
CAN,G8H
CAN,G8J
CAN,G8K
CAN,G8L
CAN,G8M
CAN,G8N
CAN,G8P
CAN,G8T
CAN,G8V
CAN,G8W
CAN,G8Y
CAN,G8Z
CAN,G9A
CAN,G9B
CAN,G9C
CAN,G9H
CAN,G9N
CAN,G9P
CAN,G9R
CAN,G9T
CAN,G9X
CAN,H1A
CAN,H1B
CAN,H1C
CAN,H1E
CAN,H1G
CAN,H1H
CAN,H1J
CAN,H1K
CAN,H1L
CAN,H1M
CAN,H1N
CAN,H1P
CAN,H1R
CAN,H1S
CAN,H1T
CAN,H1V
CAN,H1W
CAN,H1X
CAN,H1Y
CAN,H1Z
CAN,H2A
CAN,H2B
CAN,H2C
CAN,H2E
CAN,H2G
CAN,H2H
CAN,H2J
CAN,H2K
CAN,H2L
CAN,H2M
CAN,H2N
CAN,H2P
CAN,H2R
CAN,H2S
CAN,H2T
CAN,H2V
CAN,H2W
CAN,H2X
CAN,H2Y
CAN,H2Z
CAN,H3A
CAN,H3B
CAN,H3C
CAN,H3E
CAN,H3G
CAN,H3H
CAN,H3J
CAN,H3K
CAN,H3L
CAN,H3M
CAN,H3N
CAN,H3P
CAN,H3R
CAN,H3S
CAN,H3T
CAN,H3V
CAN,H3W
CAN,H3X
CAN,H3Y
CAN,H3Z
CAN,H4A
CAN,H4B
CAN,H4C
CAN,H4E
CAN,H4G
CAN,H4H
CAN,H4J
CAN,H4K
CAN,H4L
CAN,H4M
CAN,H4N
CAN,H4P
CAN,H4R
CAN,H4S
CAN,H4T
CAN,H4V
CAN,H4W
CAN,H4X
CAN,H4Y
CAN,H4Z
CAN,H5A
CAN,H5B
CAN,H7A
CAN,H7B
CAN,H7C
CAN,H7E
CAN,H7G
CAN,H7H
CAN,H7J
CAN,H7K
CAN,H7L
CAN,H7M
CAN,H7N
CAN,H7P
CAN,H7R
CAN,H7S
CAN,H7T
CAN,H7V
CAN,H7W
CAN,H7X
CAN,H7Y
CAN,H8N
CAN,H8P
CAN,H8R
CAN,H8S
CAN,H8T
CAN,H8Y
CAN,H8Z
CAN,H9A
CAN,H9B
CAN,H9C
CAN,H9E
CAN,H9G
CAN,H9H
CAN,H9J
CAN,H9K
CAN,H9P
CAN,H9R
CAN,H9S
CAN,H9W
CAN,H9X
CAN,J0A
CAN,J0B
CAN,J0C
CAN,J0E
CAN,J0G
CAN,J0H
CAN,J0J
CAN,J0K
CAN,J0L
CAN,J0M
CAN,J0N
CAN,J0P
CAN,J0R
CAN,J0S
CAN,J0T
CAN,J0V
CAN,J0W
CAN,J0X
CAN,J0Y
CAN,J0Z
CAN,J1A
CAN,J1E
CAN,J1G
CAN,J1H
CAN,J1J
CAN,J1K
CAN,J1L
CAN,J1M
CAN,J1N
CAN,J1R
CAN,J1S
CAN,J1T
CAN,J1X
CAN,J1Y
CAN,J1Z
CAN,J2A
CAN,J2B
CAN,J2C
CAN,J2E
CAN,J2G
CAN,J2H
CAN,J2J
CAN,J2K
CAN,J2L
CAN,J2M
CAN,J2N
CAN,J2R
CAN,J2S
CAN,J2T
CAN,J2W
CAN,J2X
CAN,J2Y
CAN,J3A
CAN,J3B
CAN,J3E
CAN,J3G
CAN,J3H
CAN,J3L
CAN,J3M
CAN,J3N
CAN,J3P
CAN,J3R
CAN,J3S
CAN,J3T
CAN,J3V
CAN,J3W
CAN,J3X
CAN,J3Y
CAN,J3Z
CAN,J4B
CAN,J4G
CAN,J4H
CAN,J4J
CAN,J4K
CAN,J4L
CAN,J4M
CAN,J4N
CAN,J4P
CAN,J4R
CAN,J4S
CAN,J4T
CAN,J4V
CAN,J4W
CAN,J4X
CAN,J4Y
CAN,J4Z
CAN,J5A
CAN,J5B
CAN,J5C
CAN,J5K
CAN,J5L
CAN,J5M
CAN,J5R
CAN,J5T
CAN,J5V
CAN,J5W
CAN,J5X
CAN,J5Y
CAN,J5Z
CAN,J6A
CAN,J6B
CAN,J6E
CAN,J6G
CAN,J6J
CAN,J6K
CAN,J6N
CAN,J6R
CAN,J6S
CAN,J6T
CAN,J6V
CAN,J6W
CAN,J6X
CAN,J6Y
CAN,J6Z
CAN,J7A
CAN,J7B
CAN,J7C
CAN,J7E
CAN,J7G
CAN,J7H
CAN,J7J
CAN,J7K
CAN,J7L
CAN,J7M
CAN,J7N
CAN,J7P
CAN,J7R
CAN,J7S
CAN,J7T
CAN,J7V
CAN,J7W
CAN,J7X
CAN,J7Y
CAN,J7Z
CAN,J8A
CAN,J8B
CAN,J8C
CAN,J8E
CAN,J8G
CAN,J8H
CAN,J8L
CAN,J8M
CAN,J8N
CAN,J8P
CAN,J8R
CAN,J8S
CAN,J8T
CAN,J8V
CAN,J8X
CAN,J8Y
CAN,J8Z
CAN,J9A
CAN,J9B
CAN,J9E
CAN,J9H
CAN,J9J
CAN,J9L
CAN,J9P
CAN,J9T
CAN,J9V
CAN,J9X
CAN,J9Y
CAN,J9Z
CAN,K1A
CAN,K1B
CAN,K1C
CAN,K1E
CAN,K1G
CAN,K1H
CAN,K1J
CAN,K1K
CAN,K1L
CAN,K1M
CAN,K1N
CAN,K1P
CAN,K1R
CAN,K1S
CAN,K1T
CAN,K1V
CAN,K1W
CAN,K1X
CAN,K1Y
CAN,K1Z
CAN,K2A
CAN,K2B
CAN,K2C
CAN,K2E
CAN,K2G
CAN,K2H
CAN,K2J
CAN,K2K
CAN,K2L
CAN,K2P
CAN,K2R
CAN,K2S
CAN,K2T
CAN,K2V
CAN,K2W
CAN,K4A
CAN,K4B
CAN,K4C
CAN,K4K
CAN,K4M
CAN,K4P
CAN,K4R
CAN,K4S
CAN,K7A
CAN,K7B
CAN,K7C
CAN,K7G
CAN,K7H
CAN,K7K
CAN,K7L
CAN,K7M
CAN,K7N
CAN,K7P
CAN,K7R
CAN,K7S
CAN,K7V
CAN,K8A
CAN,K8B
CAN,K8E
CAN,K8G
CAN,K8H
CAN,K8K
CAN,K8N
CAN,K8P
CAN,K8R
CAN,K8T
CAN,K8V
CAN,K9A
CAN,K9H
CAN,K9J
CAN,K9K
CAN,K9L
CAN,L0A
CAN,L0B
CAN,L0C
CAN,L0E
CAN,L0G
CAN,L0H
CAN,L0J
CAN,L0K
CAN,L0L
CAN,L0M
CAN,L0N
CAN,L0P
CAN,L0R
CAN,L0S
CAN,L1A
CAN,L1B
CAN,L1C
CAN,L1E
CAN,L1G
CAN,L1H
CAN,L1J
CAN,L1K
CAN,L1L
CAN,L1M
CAN,L1N
CAN,L1P
CAN,L1R
CAN,L1S
CAN,L1T
CAN,L1V
CAN,L1W
CAN,L1X
CAN,L1Y
CAN,L1Z
CAN,L2A
CAN,L2E
CAN,L2G
CAN,L2H
CAN,L2J
CAN,L2M
CAN,L2N
CAN,L2P
CAN,L2R
CAN,L2S
CAN,L2T
CAN,L2V
CAN,L2W
CAN,L3C
CAN,L3K
CAN,L3M
CAN,L3P
CAN,L3R
CAN,L3S
CAN,L3T
CAN,L3V
CAN,L3W
CAN,L3X
CAN,L3Y
CAN,L3Z
CAN,L4A
CAN,L4B
CAN,L4C
CAN,L4E
CAN,L4G
CAN,L4H
CAN,L4J
CAN,L4K
CAN,L4L
CAN,L4M
CAN,L4N
CAN,L4P
CAN,L4R
CAN,L4S
CAN,L4T
CAN,L4V
CAN,L4W
CAN,L4X
CAN,L4Y
CAN,L4Z
CAN,L5A
CAN,L5B
CAN,L5C
CAN,L5E
CAN,L5G
CAN,L5H
CAN,L5J
CAN,L5K
CAN,L5L
CAN,L5M
CAN,L5N
CAN,L5P
CAN,L5R
CAN,L5S
CAN,L5T
CAN,L5V
CAN,L5W
CAN,L6A
CAN,L6B
CAN,L6C
CAN,L6E
CAN,L6G
CAN,L6H
CAN,L6J
CAN,L6K
CAN,L6L
CAN,L6M
CAN,L6P
CAN,L6R
CAN,L6S
CAN,L6T
CAN,L6V
CAN,L6W
CAN,L6X
CAN,L6Y
CAN,L6Z
CAN,L7A
CAN,L7B
CAN,L7C
CAN,L7E
CAN,L7G
CAN,L7J
CAN,L7K
CAN,L7L
CAN,L7M
CAN,L7N
CAN,L7P
CAN,L7R
CAN,L7S
CAN,L7T
CAN,L7V
CAN,L8A
CAN,L8E
CAN,L8G
CAN,L8H
CAN,L8J
CAN,L8K
CAN,L8L
CAN,L8M
CAN,L8N
CAN,L8P
CAN,L8R
CAN,L8S
CAN,L8T
CAN,L8V
CAN,L8W
CAN,L9A
CAN,L9B
CAN,L9C
CAN,L9G
CAN,L9H
CAN,L9J
CAN,L9K
CAN,L9L
CAN,L9M
CAN,L9N
CAN,L9P
CAN,L9R
CAN,L9S
CAN,L9T
CAN,L9V
CAN,L9W
CAN,L9X
CAN,L9Y
CAN,L9Z
CAN,M4W
CAN,M5A
CAN,M5B
CAN,M5C
CAN,M5E
CAN,M5G
CAN,M5H
CAN,M5J
CAN,M5K
CAN,M5L
CAN,M5M
CAN,M5N
CAN,M5P
CAN,M5R
CAN,M5S
CAN,M5T
CAN,M5V
CAN,M5W
CAN,M5X
CAN,M6A
CAN,M6B
CAN,M6C
CAN,M6E
CAN,M6G
CAN,M6H
CAN,M6J
CAN,M6K
CAN,M6L
CAN,M6M
CAN,M6N
CAN,M6P
CAN,M6R
CAN,M6S
CAN,M8V
CAN,M8W
CAN,M8X
CAN,M8Y
CAN,M8Z
CAN,M9A
CAN,M9B
CAN,M9C
CAN,M9L
CAN,M9M
CAN,M9N
CAN,M9P
CAN,M9R
CAN,M9V
CAN,M9W
CAN,N0A
CAN,N0B
CAN,N0C
CAN,N0E
CAN,N0G
CAN,N0H
CAN,N0J
CAN,N0K
CAN,N0L
CAN,N0M
CAN,N0N
CAN,N0P
CAN,N0R
CAN,N1A
CAN,N1C
CAN,N1E
CAN,N1G
CAN,N1H
CAN,N1K
CAN,N1L
CAN,N1M
CAN,N1P
CAN,N1R
CAN,N1S
CAN,N1T
CAN,N2A
CAN,N2B
CAN,N2C
CAN,N2E
CAN,N2G
CAN,N2H
CAN,N2J
CAN,N2K
CAN,N2L
CAN,N2M
CAN,N2N
CAN,N2P
CAN,N2R
CAN,N2T
CAN,N2V
CAN,N2W
CAN,N2X
CAN,N2Y
CAN,N2Z
CAN,N3A
CAN,N3B
CAN,N3C
CAN,N3E
CAN,N3G
CAN,N3H
CAN,N3L
CAN,N3N
CAN,N3P
CAN,N3R
CAN,N3S
CAN,N3T
CAN,N3V
CAN,N3W
CAN,N3Y
CAN,N4A
CAN,N4B
CAN,N4C
CAN,N4G
CAN,N4K
CAN,N4L
CAN,N4N
CAN,N4S
CAN,N4T
CAN,N4V
CAN,N4W
CAN,N4X
CAN,N4Y
CAN,N4Z
CAN,N5A
CAN,N5C
CAN,N5E
CAN,N5H
CAN,N5L
CAN,N5P
CAN,N5R
CAN,N5V
CAN,N5W
CAN,N5X
CAN,N5Y
CAN,N5Z
CAN,N6A
CAN,N6B
CAN,N6C
CAN,N6E
CAN,N6G
CAN,N6H
CAN,N6J
CAN,N6K
CAN,N6L
CAN,N6M
CAN,N6N
CAN,N6P
CAN,N7A
CAN,N7G
CAN,N7S
CAN,N7T
CAN,N7V
CAN,N7W
CAN,N7X
CAN,N8A
CAN,N8B
CAN,N8C
CAN,N8E
CAN,N8G
CAN,N8H
CAN,N8J
CAN,N8K
CAN,N8L
CAN,N8M
CAN,N8N
CAN,N8P
CAN,N8R
CAN,N8S
CAN,N8T
CAN,N8V
CAN,N8W
CAN,N8X
CAN,N8Y
CAN,N8Z
CAN,N9A
CAN,N9B
CAN,N9C
CAN,N9E
CAN,N9G
CAN,N9H
CAN,N9J
CAN,N9K
CAN,N9L
CAN,N9M
CAN,N9N
CAN,N9P
CAN,N9R
CAN,N9S
CAN,N9T
CAN,N9V
CAN,N9Y
CAN,P0A
CAN,P0B
CAN,P0C
CAN,P0E
CAN,P0G
CAN,P0H
CAN,P0J
CAN,P0K
CAN,P0L
CAN,P0M
CAN,P0N
CAN,P0P
CAN,P0R
CAN,P0S
CAN,P0T
CAN,P0V
CAN,P0W
CAN,P0X
CAN,P0Y
CAN,P1A
CAN,P1B
CAN,P1C
CAN,P1H
CAN,P1L
CAN,P1P
CAN,P2A
CAN,P2B
CAN,P2N
CAN,P3A
CAN,P3B
CAN,P3C
CAN,P3E
CAN,P3G
CAN,P3L
CAN,P3N
CAN,P3P
CAN,P3Y
CAN,P4A
CAN,P4B
CAN,P4C
CAN,P4N
CAN,P4P
CAN,P4R
CAN,P5A
CAN,P5E
CAN,P5N
CAN,P6A
CAN,P6B
CAN,P6C
CAN,P7A
CAN,P7B
CAN,P7C
CAN,P7E
CAN,P7G
CAN,P7J
CAN,P7K
CAN,P7L
CAN,P8A
CAN,P8N
CAN,P8T
CAN,P9A
CAN,P9N
CAN,R0A
CAN,R0B
CAN,R0C
CAN,R0E
CAN,R0G
CAN,R0H
CAN,R0J
CAN,R0K
CAN,R0L
CAN,R0M
CAN,R1A
CAN,R1B
CAN,R1C
CAN,R1E
CAN,R1G
CAN,R1H
CAN,R1J
CAN,R1K
CAN,R1L
CAN,R1M
CAN,R1N
CAN,R1P
CAN,R1R
CAN,R1S
CAN,R1T
CAN,R1V
CAN,R1W
CAN,R1X
CAN,R1Y
CAN,R1Z
CAN,R2C
CAN,R2G
CAN,R2H
CAN,R2J
CAN,R2K
CAN,R2L
CAN,R2M
CAN,R2N
CAN,R2P
CAN,R2R
CAN,R2V
CAN,R2W
CAN,R2X
CAN,R2Y
CAN,R3A
CAN,R3B
CAN,R3C
CAN,R3E
CAN,R3G
CAN,R3H
CAN,R3J
CAN,R3K
CAN,R3L
CAN,R3M
CAN,R3N
CAN,R3P
CAN,R3R
CAN,R3S
CAN,R3T
CAN,R3V
CAN,R3W
CAN,R3X
CAN,R3Y
CAN,R7A
CAN,R7B
CAN,R7C
CAN,R7N
CAN,S4A
CAN,S4H
CAN,S4K
CAN,S4L
CAN,S4M
CAN,S4N
CAN,S4P
CAN,S4R
CAN,S4S
CAN,S4T
CAN,S4V
CAN,S4W
CAN,S4X
CAN,S4Y
CAN,S4Z
CAN,S6H
CAN,S6J
CAN,S6K
CAN,S6V
CAN,S6W
CAN,S6X
CAN,S7H
CAN,S7J
CAN,S7K
CAN,S7L
CAN,S7M
CAN,S7N
CAN,S7P
CAN,S7R
CAN,S7S
CAN,S7T
CAN,S7V
CAN,S7W
CAN,S7X
CAN,S9A
CAN,S9H
CAN,S9K
CAN,S9V
CAN,S9X
CAN,T1A
CAN,T1B
CAN,T1C
CAN,T1E
CAN,T1G
CAN,T1H
CAN,T1J
CAN,T1K
CAN,T1L
CAN,T1M
CAN,T1P
CAN,T1R
CAN,T1S
CAN,T1V
CAN,T1W
CAN,T1X
CAN,T1Y
CAN,T2A
CAN,T2B
CAN,T2C
CAN,T2E
CAN,T2G
CAN,T2H
CAN,T2J
CAN,T2K
CAN,T2L
CAN,T2M
CAN,T2N
CAN,T2P
CAN,T2R
CAN,T2S
CAN,T2T
CAN,T2V
CAN,T2W
CAN,T2X
CAN,T2Y
CAN,T2Z
CAN,T3A
CAN,T3B
CAN,T3C
CAN,T3E
CAN,T3G
CAN,T3H
CAN,T3J
CAN,T3K
CAN,T3L
CAN,T3M
CAN,T3N
CAN,T3P
CAN,T3R
CAN,T3S
CAN,T3T
CAN,T3V
CAN,T3W
CAN,T3X
CAN,T3Y
CAN,T3Z
CAN,T4A
CAN,T4B
CAN,T4C
CAN,T4E
CAN,T4G
CAN,T4H
CAN,T4J
CAN,T4K
CAN,T4L
CAN,T4M
CAN,T4N
CAN,T4P
CAN,T4R
CAN,T4S
CAN,T4T
CAN,T4V
CAN,T4W
CAN,T4X
CAN,T5A
CAN,T5B
CAN,T5C
CAN,T5E
CAN,T5G
CAN,T5H
CAN,T5J
CAN,T5K
CAN,T5L
CAN,T5M
CAN,T5N
CAN,T5P
CAN,T5R
CAN,T5S
CAN,T5T
CAN,T5V
CAN,T5W
CAN,T5X
CAN,T5Y
CAN,T5Z
CAN,T6A
CAN,T6B
CAN,T6C
CAN,T6E
CAN,T6G
CAN,T6H
CAN,T6J
CAN,T6K
CAN,T6L
CAN,T6M
CAN,T6N
CAN,T6P
CAN,T6R
CAN,T6S
CAN,T6T
CAN,T6V
CAN,T6W
CAN,T6X
CAN,T7A
CAN,T7E
CAN,T7N
CAN,T7P
CAN,T7S
CAN,T7V
CAN,T7X
CAN,T7Y
CAN,T7Z
CAN,T8A
CAN,T8B
CAN,T8C
CAN,T8E
CAN,T8G
CAN,T8H
CAN,T8L
CAN,T8N
CAN,T8R
CAN,T8S
CAN,T8T
CAN,T8V
CAN,T8W
CAN,T8X
CAN,T9A
CAN,T9C
CAN,T9E
CAN,T9G
CAN,T9H
CAN,T9J
CAN,T9K
CAN,T9M
CAN,T9N
CAN,T9S
CAN,T9V
CAN,T9W
CAN,T9X
CAN,V5K
CAN,V5L
CAN,V5M
CAN,V5N
CAN,V5P
CAN,V5R
CAN,V5S
CAN,V5T
CAN,V5V
CAN,V5W
CAN,V5X
CAN,V5Y
CAN,V5Z
CAN,V6A
CAN,V6B
CAN,V6C
CAN,V6E
CAN,V6G
CAN,V6H
CAN,V6J
CAN,V6K
CAN,V6L
CAN,V6M
CAN,V6N
CAN,V6P
CAN,V6R
CAN,V6S
CAN,V6T
CAN,V6V
CAN,V6W
CAN,V6X
CAN,V6Y
CAN,V6Z
CAN,V7A
CAN,V7B
CAN,V7C
CAN,V7E
CAN,V7G
CAN,V7H
CAN,V7J
CAN,V7K
CAN,V7L
CAN,V7M
CAN,V7N
CAN,V7P
CAN,V7R
CAN,V7S
CAN,V7T
CAN,V7V
CAN,V7W
CAN,V7X
CAN,V7Y
CAN,V8A
CAN,V8B
CAN,V8C
CAN,V8G
CAN,V8H
CAN,V8J
CAN,V8K
CAN,V8L
CAN,V8M
CAN,V8N
CAN,V8P
CAN,V8R
CAN,V8S
CAN,V8T
CAN,V8V
CAN,V8W
CAN,V8X
CAN,V8Y
CAN,V8Z
CAN,V9A
CAN,V9B
CAN,V9C
CAN,V9E
CAN,V9G
CAN,V9H
CAN,V9J
CAN,V9K
CAN,V9L
CAN,V9M
CAN,V9N
CAN,V9P
CAN,V9R
CAN,V9S
CAN,V9T
CAN,V9V
CAN,V9W
CAN,V9X
CAN,V9Y
Country,ZIP
GBR,B1
GBR,B10
GBR,B11
GBR,B12
GBR,B13
GBR,B14
GBR,B15
GBR,B16
GBR,B17
GBR,B18
GBR,B19
GBR,B2
GBR,B20
GBR,B21
GBR,B23
GBR,B24
GBR,B25
GBR,B26
GBR,B27
GBR,B28
GBR,B29
GBR,B3
GBR,B30
GBR,B31
GBR,B32
GBR,B33
GBR,B34
GBR,B35
GBR,B36
GBR,B37
GBR,B38
GBR,B4
GBR,B40
GBR,B42
GBR,B43
GBR,B44
GBR,B45
GBR,B46
GBR,B47
GBR,B48
GBR,B49
GBR,B5
GBR,B50
GBR,B6
GBR,B60
GBR,B61
GBR,B62
GBR,B63
GBR,B64
GBR,B65
GBR,B66
GBR,B67
GBR,B68
GBR,B69
GBR,B7
GBR,B70
GBR,B71
GBR,B72
GBR,B73
GBR,B74
GBR,B75
GBR,B76
GBR,B77
GBR,B78
GBR,B79
GBR,B8
GBR,B80
GBR,B9
GBR,B90
GBR,B91
GBR,B92
GBR,B93
GBR,B94
GBR,B95
GBR,B96
GBR,B97
GBR,B98
GBR,BT1
GBR,BT10
GBR,BT11
GBR,BT12
GBR,BT13
GBR,BT14
GBR,BT15
GBR,BT16
GBR,BT17
GBR,BT18
GBR,BT19
GBR,BT2
GBR,BT20
GBR,BT21
GBR,BT22
GBR,BT23
GBR,BT24
GBR,BT25
GBR,BT26
GBR,BT27
GBR,BT28
GBR,BT29
GBR,BT3
GBR,BT30
GBR,BT31
GBR,BT32
GBR,BT33
GBR,BT34
GBR,BT35
GBR,BT36
GBR,BT37
GBR,BT38
GBR,BT39
GBR,BT4
GBR,BT40
GBR,BT41
GBR,BT42
GBR,BT43
GBR,BT44
GBR,BT45
GBR,BT46
GBR,BT47
GBR,BT48
GBR,BT49
GBR,BT5
GBR,BT51
GBR,BT52
GBR,BT53
GBR,BT54
GBR,BT55
GBR,BT56
GBR,BT57
GBR,BT6
GBR,BT60
GBR,BT61
GBR,BT62
GBR,BT63
GBR,BT64
GBR,BT65
GBR,BT66
GBR,BT67
GBR,BT68
GBR,BT69
GBR,BT7
GBR,BT70
GBR,BT71
GBR,BT74
GBR,BT75
GBR,BT76
GBR,BT77
GBR,BT78
GBR,BT79
GBR,BT8
GBR,BT80
GBR,BT81
GBR,BT82
GBR,BT9
GBR,BT92
GBR,BT93
GBR,BT94
USA,63701
GBR,CF10
GBR,CF11
GBR,CF14
GBR,CF15
GBR,CF23
GBR,CF24
GBR,CF3
GBR,CF5
GBR,CF91
GBR,E1
GBR,E10
GBR,E11
GBR,E12
GBR,E13
GBR,E14
GBR,E15
GBR,E16
GBR,E17
GBR,E18
GBR,E2
GBR,E20
GBR,E3
GBR,E4
GBR,E5
GBR,E6
GBR,E7
GBR,E8
GBR,E9
GBR,EC1A
GBR,EC1M
GBR,EC1N
GBR,EC1R
GBR,EC1V
GBR,EC1Y
GBR,EC2A
GBR,EC2M
GBR,EC2N
GBR,EC2R
GBR,EC2V
GBR,EC2Y
GBR,EC3A
GBR,EC3M
GBR,EC3N
GBR,EC3R
GBR,EC3V
GBR,EC4A
GBR,EC4M
GBR,EC4N
GBR,EC4R
GBR,EC4V
GBR,EC4Y
GBR,EH1
GBR,EH10
GBR,EH11
GBR,EH12
GBR,EH13
GBR,EH14
GBR,EH15
GBR,EH16
GBR,EH17
GBR,EH18
GBR,EH19
GBR,EH2
GBR,EH20
GBR,EH21
GBR,EH22
GBR,EH23
GBR,EH24
GBR,EH25
GBR,EH26
GBR,EH27
GBR,EH28
GBR,EH29
GBR,EH3
GBR,EH30
GBR,EH31
GBR,EH32
GBR,EH33
GBR,EH34
GBR,EH35
GBR,EH36
GBR,EH37
GBR,EH38
GBR,EH39
GBR,EH4
GBR,EH40
GBR,EH41
GBR,EH42
GBR,EH43
GBR,EH44
GBR,EH45
GBR,EH46
GBR,EH47
GBR,EH48
GBR,EH49
GBR,EH5
GBR,EH51
GBR,EH52
GBR,EH53
GBR,EH54
GBR,EH55
GBR,EH6
GBR,EH7
GBR,EH8
GBR,EH9
GBR,G1
GBR,G11
GBR,G12
GBR,G13
GBR,G14
GBR,G15
GBR,G2
GBR,G20
GBR,G21
GBR,G22
GBR,G23
GBR,G3
GBR,G31
GBR,G32
GBR,G33
GBR,G34
GBR,G4
GBR,G40
GBR,G41
GBR,G42
GBR,G43
GBR,G44
GBR,G45
GBR,G46
GBR,G5
GBR,G51
GBR,G52
GBR,G53
GBR,G60
GBR,G61
GBR,G62
GBR,G63
GBR,G64
GBR,G65
GBR,G66
GBR,G67
GBR,G68
GBR,G69
GBR,G70
GBR,G71
GBR,G72
GBR,G73
GBR,G74
GBR,G75
GBR,G76
GBR,G77
GBR,G78
GBR,G81
GBR,G82
GBR,G83
GBR,G84
GBR,G9
GBR,L1
GBR,L10
GBR,L11
GBR,L12
GBR,L13
GBR,L14
GBR,L15
GBR,L16
GBR,L17
GBR,L18
GBR,L19
GBR,L2
GBR,L20
GBR,L21
GBR,L22
GBR,L23
GBR,L24
GBR,L25
GBR,L26
GBR,L27
GBR,L28
GBR,L29
GBR,L3
GBR,L30
GBR,L31
GBR,L32
GBR,L33
GBR,L34
GBR,L35
GBR,L36
GBR,L37
GBR,L38
GBR,L39
GBR,L4
GBR,L40
GBR,L5
GBR,L6
GBR,L7
GBR,L8
GBR,L9
GBR,LS1
GBR,LS10
GBR,LS11
GBR,LS12
GBR,LS13
GBR,LS14
GBR,LS15
GBR,LS16
GBR,LS17
GBR,LS18
GBR,LS19
GBR,LS2
GBR,LS20
GBR,LS21
GBR,LS22
GBR,LS23
GBR,LS24
GBR,LS25
GBR,LS26
GBR,LS27
GBR,LS28
GBR,LS29
GBR,LS3
GBR,LS4
GBR,LS5
GBR,LS6
GBR,LS7
GBR,LS8
GBR,LS9
GBR,M1
GBR,M11
GBR,M12
GBR,M13
GBR,M14
GBR,M15
GBR,M16
GBR,M17
GBR,M18
GBR,M19
GBR,M2
GBR,M20
GBR,M21
GBR,M22
GBR,M23
GBR,M24
GBR,M25
GBR,M26
GBR,M27
GBR,M28
GBR,M29
GBR,M3
GBR,M30
GBR,M31
GBR,M32
GBR,M33
GBR,M34
GBR,M35
GBR,M38
GBR,M4
GBR,M40
GBR,M41
GBR,M43
GBR,M44
GBR,M45
GBR,M46
GBR,M5
GBR,M50
GBR,M6
GBR,M7
GBR,M8
GBR,M9
GBR,N1
GBR,N10
GBR,N11
GBR,N12
GBR,N13
GBR,N14
GBR,N15
GBR,N16
GBR,N17
GBR,N18
GBR,N19
GBR,N20
GBR,N21
GBR,N22
GBR,N4
GBR,N5
GBR,N6
GBR,N7
GBR,N8
GBR,N9
GBR,NE1
GBR,NE10
GBR,NE11
GBR,NE12
GBR,NE13
GBR,NE15
GBR,NE16
GBR,NE17
GBR,NE18
GBR,NE19
GBR,NE2
GBR,NE20
GBR,NE21
GBR,NE22
GBR,NE23
GBR,NE24
GBR,NE25
GBR,NE26
GBR,NE27
GBR,NE28
GBR,NE29
GBR,NE3
GBR,NE30
GBR,NE31
GBR,NE32
GBR,NE33
GBR,NE34
GBR,NE35
GBR,NE36
GBR,NE37
GBR,NE38
GBR,NE39
GBR,NE4
GBR,NE40
GBR,NE41
GBR,NE42
GBR,NE43
GBR,NE44
GBR,NE45
GBR,NE46
GBR,NE47
GBR,NE48
GBR,NE49
GBR,NE5
GBR,NE6
GBR,NE61
GBR,NE62
GBR,NE63
GBR,NE64
GBR,NE65
GBR,NE66
GBR,NE67
GBR,NE68
GBR,NE69
GBR,NE7
GBR,NE70
GBR,NE71
GBR,NE8
GBR,NE9
GBR,NG1
GBR,NG10
GBR,NG11
GBR,NG12
GBR,NG13
GBR,NG14
GBR,NG15
GBR,NG16
GBR,NG17
GBR,NG18
GBR,NG19
GBR,NG2
GBR,NG20
GBR,NG21
GBR,NG22
GBR,NG23
GBR,NG24
GBR,NG25
GBR,NG3
GBR,NG4
GBR,NG5
GBR,NG6
GBR,NG7
GBR,NG8
GBR,NG9
GBR,NW1
GBR,NW10
GBR,NW11
GBR,NW2
GBR,NW3
GBR,NW4
GBR,NW5
GBR,NW6
GBR,NW7
GBR,NW8
GBR,NW9
GBR,S1
GBR,S10
GBR,S11
GBR,S12
GBR,S13
GBR,S14
GBR,S17
GBR,S2
GBR,S20
GBR,S21
GBR,S25
GBR,S26
GBR,S3
GBR,S35
GBR,S36
GBR,S4
GBR,S5
GBR,S6
GBR,S7
GBR,S8
GBR,S9
GBR,SA1
GBR,SA10
GBR,SA11
GBR,SA12
GBR,SA13
GBR,SA14
GBR,SA15
GBR,SA16
GBR,SA17
GBR,SA18
GBR,SA19
GBR,SA2
GBR,SA20
GBR,SA3
GBR,SA31
GBR,SA32
GBR,SA33
GBR,SA34
GBR,SA35
GBR,SA36
GBR,SA37
GBR,SA38
GBR,SA39
GBR,SA4
GBR,SA40
GBR,SA41
GBR,SA42
GBR,SA43
GBR,SA44
GBR,SA45
GBR,SA46
GBR,SA47
GBR,SA48
GBR,SA5
GBR,SA6
GBR,SA61
GBR,SA62
GBR,SA63
GBR,SA64
GBR,SA65
GBR,SA66
GBR,SA67
GBR,SA68
GBR,SA69
GBR,SA7
GBR,SA70
GBR,SA71
GBR,SA72
GBR,SA73
GBR,SA8
GBR,SA9
GBR,SE1
GBR,SE10
GBR,SE11
GBR,SE12
GBR,SE13
GBR,SE14
GBR,SE15
GBR,SE16
GBR,SE17
GBR,SE18
GBR,SE19
GBR,SE2
GBR,SE20
GBR,SE21
GBR,SE22
GBR,SE23
GBR,SE24
GBR,SE25
GBR,SE26
GBR,SE27
GBR,SE28
GBR,SE3
GBR,SE4
GBR,SE5
GBR,SE6
GBR,SE7
GBR,SE8
GBR,SE9
GBR,SW10
GBR,SW11
GBR,SW12
GBR,SW13
GBR,SW14
GBR,SW15
GBR,SW16
GBR,SW17
GBR,SW18
GBR,SW19
GBR,SW1A
GBR,SW1E
GBR,SW1H
GBR,SW1P
GBR,SW1V
GBR,SW1W
GBR,SW1X
GBR,SW1Y
GBR,SW2
GBR,SW20
GBR,SW3
GBR,SW4
GBR,SW5
GBR,SW6
GBR,SW7
GBR,SW8
GBR,SW9
GBR,W10
GBR,W11
GBR,W12
GBR,W13
GBR,W14
GBR,W1A
GBR,W1B
GBR,W1C
GBR,W1D
GBR,W1F
GBR,W1G
GBR,W1H
GBR,W1J
GBR,W1K
GBR,W1M
GBR,W1N
GBR,W1P
GBR,W1R
GBR,W1S
GBR,W1T
GBR,W1U
GBR,W1V
GBR,W1W
GBR,W2
GBR,W3
GBR,W4
GBR,W5
GBR,W6
GBR,W7
GBR,W8
GBR,W9
GBR,WC1A
GBR,WC1B
GBR,WC1E
GBR,WC1H
GBR,WC1N
GBR,WC1R
GBR,WC1V
GBR,WC1X
GBR,WC2A
GBR,WC2B
GBR,WC2E
GBR,WC2H
GBR,WC2N
GBR,WC2R
USA,00801
USA,00901
USA,01101
USA,02101
USA,02102
USA,02103
USA,02104
USA,02105
USA,02106
USA,02107
USA,02108
USA,02109
USA,02110
USA,02111
USA,02112
USA,02113
USA,02114
USA,02115
USA,02116
USA,02117
USA,02118
USA,02119
USA,02120
USA,02121
USA,02122
USA,02123
USA,02124
USA,02125
USA,02126
USA,02127
USA,02128
USA,02129
USA,02130
USA,02131
USA,02132
USA,02133
USA,02134
USA,02135
USA,02136
USA,02137
USA,02163
USA,02199
USA,02201
USA,02203
USA,02210
USA,02215
USA,02467
USA,02901
USA,04401
USA,05401
USA,06101
USA,10001
USA,10013
USA,10019
USA,10021
USA,10024
USA,10025
USA,10028
USA,10038
USA,10075
USA,10128
USA,11201
USA,11215
USA,11225
USA,11231
USA,11234
USA,11238
USA,12201
USA,13201
USA,13501
USA,13601
USA,13901
USA,14201
USA,14602
USA,14901
USA,15201
USA,15901
USA,16501
USA,17101
USA,18701
USA,19101
USA,19102
USA,19103
USA,19106
USA,19107
USA,19123
USA,19125
USA,19130
USA,19134
USA,19147
USA,20001
USA,20002
USA,20003
USA,20004
USA,20005
USA,20006
USA,20007
USA,20008
USA,20009
USA,20010
USA,20011
USA,20012
USA,20015
USA,20016
USA,20017
USA,20018
USA,20020
USA,20024
USA,20036
USA,20037
USA,21201
USA,21801
USA,22801
USA,22901
USA,23220
USA,23501
USA,24001
USA,24701
USA,26003
USA,26101
USA,26301
USA,27401
USA,27601
USA,28201
USA,28202
USA,28203
USA,28204
USA,28205
USA,28206
USA,28207
USA,28208
USA,28209
USA,28210
USA,28211
USA,28212
USA,28213
USA,28214
USA,28215
USA,28216
USA,28217
USA,28226
USA,28227
USA,28244
USA,28262
USA,28269
USA,28270
USA,28277
USA,28282
USA,28299
USA,28401
USA,29201
USA,29401
USA,29572
USA,29601
USA,30301
USA,30302
USA,30303
USA,30304
USA,30305
USA,30306
USA,30307
USA,30308
USA,30309
USA,30310
USA,30311
USA,30312
USA,30313
USA,30314
USA,30315
USA,30316
USA,30317
USA,30318
USA,30319
USA,30324
USA,30326
USA,30327
USA,30328
USA,30329
USA,30331
USA,30334
USA,30336
USA,30337
USA,30342
USA,30363
USA,30901
USA,31201
USA,31401
USA,31701
USA,31901
USA,32201
USA,32301
USA,32401
USA,32501
USA,32502
USA,32503
USA,32504
USA,32505
USA,32506
USA,32507
USA,32508
USA,32514
USA,32526
USA,32533
USA,32534
USA,32535
USA,32536
USA,32541
USA,32544
USA,32547
USA,32548
USA,32560
USA,32561
USA,32562
USA,32563
USA,32564
USA,32566
USA,32567
USA,32568
USA,32569
USA,32570
USA,32571
USA,32572
USA,32577
USA,32578
USA,32579
USA,32580
USA,32583
USA,32588
USA,32591
USA,32592
USA,32601
USA,32602
USA,32603
USA,32604
USA,32605
USA,32606
USA,32607
USA,32608
USA,32609
USA,32610
USA,32611
USA,32612
USA,32615
USA,32617
USA,32618
USA,32619
USA,32621
USA,32622
USA,32625
USA,32627
USA,32628
USA,32631
USA,32633
USA,32634
USA,32635
USA,32639
USA,32641
USA,32643
USA,32648
USA,32653
USA,32656
USA,32658
USA,32666
USA,32667
USA,32669
USA,32672
USA,32676
USA,32680
USA,32686
USA,32692
USA,32693
USA,32694
USA,32696
USA,32801
USA,33101
USA,33109
USA,33114
USA,33125
USA,33126
USA,33127
USA,33128
USA,33129
USA,33130
USA,33131
USA,33132
USA,33133
USA,33134
USA,33135
USA,33136
USA,33137
USA,33138
USA,33139
USA,33140
USA,33141
USA,33142
USA,33143
USA,33144
USA,33145
USA,33146
USA,33147
USA,33149
USA,33150
USA,33154
USA,33155
USA,33156
USA,33157
USA,33158
USA,33160
USA,33161
USA,33162
USA,33165
USA,33166
USA,33167
USA,33168
USA,33169
USA,33170
USA,33172
USA,33173
USA,33174
USA,33175
USA,33176
USA,33177
USA,33178
USA,33179
USA,33180
USA,33181
USA,33182
USA,33183
USA,33184
USA,33185
USA,33186
USA,33187
USA,33189
USA,33190
USA,33193
USA,33194
USA,33196
USA,33401
USA,33510
USA,33601
USA,33602
USA,33603
USA,33604
USA,33605
USA,33606
USA,33607
USA,33608
USA,33609
USA,33610
USA,33611
USA,33612
USA,33613
USA,33614
USA,33615
USA,33616
USA,33617
USA,33618
USA,33619
USA,33620
USA,33621
USA,33622
USA,33623
USA,33624
USA,33625
USA,33626
USA,33629
USA,33630
USA,33631
USA,33633
USA,33634
USA,33635
USA,33637
USA,33647
USA,33901
USA,35201
USA,35801
USA,36101
USA,36301
USA,36601
USA,37201
USA,37202
USA,37203
USA,37204
USA,37205
USA,37206
USA,37207
USA,37208
USA,37209
USA,37210
USA,37211
USA,37212
USA,37213
USA,37214
USA,37215
USA,37216
USA,37217
USA,37218
USA,37219
USA,37220
USA,37221
USA,37228
USA,37240
USA,37401
USA,37901
USA,38101
USA,38701
USA,39201
USA,39301
USA,39401
USA,39501
USA,39701
USA,40201
USA,40502
USA,42001
USA,42101
USA,43201
USA,43202
USA,43203
USA,43204
USA,43205
USA,43206
USA,43207
USA,43208
USA,43209
USA,43210
USA,43211
USA,43212
USA,43213
USA,43214
USA,43215
USA,43216
USA,43217
USA,43218
USA,43219
USA,43220
USA,43221
USA,43222
USA,43223
USA,43224
USA,43227
USA,43228
USA,43229
USA,43231
USA,43232
USA,43235
USA,43240
USA,43601
USA,43701
USA,44101
USA,44501
USA,45201
USA,45401
USA,45801
USA,46201
USA,46601
USA,46801
USA,4769
USA,47701
USA,47801
USA,47901
USA,48201
USA,48202
USA,48203
USA,48204
USA,48205
USA,48206
USA,48207
USA,48208
USA,48209
USA,48210
USA,48211
USA,48212
USA,48213
USA,48214
USA,48215
USA,48216
USA,48217
USA,48218
USA,48219
USA,48220
USA,48221
USA,48222
USA,48223
USA,48224
USA,48225
USA,48226
USA,48227
USA,48228
USA,48229
USA,48230
USA,48231
USA,48232
USA,48233
USA,48234
USA,48235
USA,48236
USA,48238
USA,48239
USA,48240
USA,48242
USA,48243
USA,48244
USA,48255
USA,48260
USA,48264
USA,48266
USA,48267
USA,48268
USA,48269
USA,48272
USA,48275
USA,48277
USA,48278
USA,48279
USA,48288
USA,48501
USA,48901
USA,49501
USA,49601
USA,49707
USA,49855
USA,50301
USA,51101
USA,52401
USA,52501
USA,52801
USA,53201
USA,53701
USA,54301
USA,54401
USA,54601
USA,55401
USA,55402
USA,55403
USA,55404
USA,55405
USA,55406
USA,55407
USA,55408
USA,55409
USA,55410
USA,55411
USA,55412
USA,55413
USA,55414
USA,55415
USA,55416
USA,55417
USA,55418
USA,55419
USA,55454
USA,55455
USA,55802
USA,55901
USA,56001
USA,57101
USA,57701
USA,58102
USA,58701
USA,59101
USA,59330
USA,59401
USA,59601
USA,59701
USA,59801
USA,60601
USA,60602
USA,60605
USA,60606
USA,60607
USA,60610
USA,60611
USA,60612
USA,60614
USA,60615
USA,60616
USA,60618
USA,60622
USA,60625
USA,60647
USA,60657
USA,60661
USA,61101
USA,61601
USA,61820
USA,62301
USA,63101
USA,63102
USA,63103
USA,63104
USA,63105
USA,63106
USA,63107
USA,63108
USA,63109
USA,63110
USA,63111
USA,63112
USA,63113
USA,63114
USA,63115
USA,63116
USA,63117
USA,63118
USA,63119
USA,63120
USA,63121
USA,63122
USA,63123
USA,63124
USA,63125
USA,63126
USA,63127
USA,63128
USA,63129
USA,63130
USA,63131
USA,63132
USA,63133
USA,63134
USA,63135
USA,63136
USA,63137
USA,63138
USA,63139
USA,63140
USA,63141
USA,63143
USA,63144
USA,63145
USA,63146
USA,63147
USA,63150
USA,63151
USA,63155
USA,63156
USA,63157
USA,63158
USA,63160
USA,63163
USA,63164
USA,63166
USA,63167
USA,63169
USA,63171
USA,63177
USA,63178
USA,63179
USA,63180
USA,63182
USA,63188
USA,63195
USA,63197
USA,63199
USA,64101
USA,64501
USA,64801
USA,65201
USA,65801
USA,66601
USA,67201
USA,68101
USA,68501
USA,69101
USA,70112
USA,70501
USA,70601
USA,70801
USA,71101
USA,71201
USA,71301
USA,72201
USA,72401
USA,72901
USA,73101
USA,74101
USA,75090
USA,75201
USA,75202
USA,75204
USA,75205
USA,75206
USA,75207
USA,75208
USA,75209
USA,75211
USA,75214
USA,75215
USA,75219
USA,75220
USA,75225
USA,75230
USA,75231
USA,75240
USA,75248
USA,75701
USA,76301
USA,76701
USA,76901
USA,77001
USA,77002
USA,77003
USA,77004
USA,77005
USA,77006
USA,77007
USA,77008
USA,77019
USA,77025
USA,77027
USA,77030
USA,77042
USA,77056
USA,77057
USA,77079
USA,77098
USA,77701
USA,77901
USA,78040
USA,78201
USA,78401
USA,78550
USA,78701
USA,79101
USA,79401
USA,79601
USA,79701
USA,79901
USA,80201
USA,80202
USA,80203
USA,80204
USA,80205
USA,80206
USA,80207
USA,80208
USA,80209
USA,80210
USA,80211
USA,80212
USA,80218
USA,80219
USA,80220
USA,80221
USA,80222
USA,80223
USA,80224
USA,80225
USA,80226
USA,80227
USA,80228
USA,80229
USA,80230
USA,80231
USA,80232
USA,80233
USA,80234
USA,80235
USA,80236
USA,80237
USA,80238
USA,80239
USA,80246
USA,80247
USA,80248
USA,80249
USA,80290
USA,80293
USA,80294
USA,80299
USA,80901
USA,81501
USA,82001
USA,82601
USA,83301
USA,83401
USA,83701
USA,84101
USA,85001
USA,85002
USA,85003
USA,85004
USA,85006
USA,85007
USA,85008
USA,85009
USA,85012
USA,85013
USA,85014
USA,85015
USA,85016
USA,85017
USA,85018
USA,85019
USA,85020
USA,85021
USA,85022
USA,85023
USA,85024
USA,85026
USA,85027
USA,85028
USA,85029
USA,85031
USA,85032
USA,85033
USA,85034
USA,85035
USA,85037
USA,85040
USA,85041
USA,85042
USA,85043
USA,85044
USA,85045
USA,85048
USA,85050
USA,85051
USA,85053
USA,85054
USA,85083
USA,85224
USA,85364
USA,85701
USA,87101
USA,89101
USA,89501
USA,90001
USA,90210
USA,90212
USA,90265
USA,90272
USA,90290
USA,90401
USA,90404
USA,90405
USA,91403
USA,91423
USA,91436
USA,91505
USA,91601
USA,91604
USA,92101
USA,92262
USA,93101
USA,93301
USA,93701
USA,93901
USA,94102
USA,94103
USA,94104
USA,94105
USA,94107
USA,94108
USA,94109
USA,94110
USA,94111
USA,94112
USA,94114
USA,94115
USA,94116
USA,94117
USA,94118
USA,94121
USA,94122
USA,94123
USA,94124
USA,94127
USA,94129
USA,94130
USA,94131
USA,94132
USA,94133
USA,94134
USA,94158
USA,94203
USA,95501
USA,96001
USA,96799
USA,96801
USA,96910
USA,97201
USA,97202
USA,97203
USA,97204
USA,97205
USA,97206
USA,97207
USA,97208
USA,97209
USA,97210
USA,97211
USA,97212
USA,97213
USA,97214
USA,97215
USA,97216
USA,97217
USA,97218
USA,97219
USA,97220
USA,97221
USA,97222
USA,97223
USA,97224
USA,97225
USA,97227
USA,97229
USA,97230
USA,97231
USA,97232
USA,97233
USA,97236
USA,97238
USA,97239
USA,97266
USA,97267
USA,97268
USA,97269
USA,97280
USA,97281
USA,97282
USA,97283
USA,97286
USA,97290
USA,97291
USA,97292
USA,97293
USA,97294
USA,97296
USA,97298
USA,97299
USA,97401
USA,97501
USA,97701
USA,98101
USA,98102
USA,98103
USA,98104
USA,98105
USA,98106
USA,98107
USA,98108
USA,98109
USA,98112
USA,98115
USA,98116
USA,98117
USA,98118
USA,98119
USA,98121
USA,98122
USA,98125
USA,98126
USA,98133
USA,98134
USA,98136
USA,98144
USA,98154
USA,98164
USA,98174
USA,98177
USA,98178
USA,98188
USA,98195
USA,98199
USA,98901
USA,99201
USA,99301
USA,99501
USA,99703
USA,99801
USA,STRM
CAN,STRM
GBR,STRM
